Material,Mean,Std Dev,Max,Min,RMS,Skewness,Kurtosis,Peak Freq,Spectral Entropy
steel,0.00043407599264388557,0.7919274737193764,3.043026129086968,-3.9630730709382944,0.7919275926835235,-0.1517748228588117,0.7382812421363707,9338.378906249998,3.9642084452991107
steel,-3.2937237612011955e-05,0.7289040762593708,3.043026129086968,-2.9609311135572205,0.7289040770035439,-0.1325644653096382,0.6883063109617584,9338.378906249998,4.536839891735497
steel,2.201540904969621e-05,0.6305249357057818,2.2633490368223415,-2.8540553589320954,0.6305249360901268,-0.22810351510970256,1.0514924580684157,9338.378906249998,4.537805448613926
steel,-8.843350609627502e-05,0.5937970321667023,2.4294226833552504,-2.7798366049511434,0.5937970387518523,-0.3346548951788075,1.338357676560653,9338.378906249998,4.646459331223767
steel,2.4004852283045742e-05,0.6940628974634653,2.504764635065793,-3.22000318365607,0.6940628978785811,-0.22368215856961915,0.9352414362073125,9338.378906249998,4.434448381995878
steel,8.113718593207145e-05,0.762609389150139,2.8679383834832812,-3.5036497395747968,0.7626093934664003,-0.12019195106418516,0.7899350193867778,9338.378906249998,4.4763948058906875
steel,-4.95410662609427e-05,0.7446588444471985,2.8679383834832812,-3.5036497395747968,0.744658846095146,-0.10914254594063647,0.7361087187984263,9338.378906249998,4.428989465666865
steel,6.019907198994368e-07,0.6250501019431914,2.285625282103108,-2.981915572458049,0.6250501019434813,-0.2066503456823471,1.1812861011442903,9338.378906249998,4.704360574601715
steel,2.049408603519276e-05,0.5959688182825695,2.4584966991379917,-2.981915572458049,0.5959688186349433,-0.36222724256129624,1.5113935589990355,9338.378906249998,4.70856215291093
steel,-3.0952473095430654e-05,0.7560163484236662,2.8935063812586983,-4.0518126005793285,0.7560163490572872,-0.2822681340035832,1.0712948755085083,9338.378906249998,4.105392913416277
steel,-7.049754660788388e-08,0.8054144761562624,2.8935063812586983,-4.0518126005793285,0.8054144761562654,-0.1980145424960472,0.8559539580716318,9338.378906249998,4.087287271984871
steel,2.0324668559425808e-05,0.6872501571207957,2.798323760728046,-3.4820356742239973,0.6872501574213356,-0.20910464031023743,1.25261142939073,9338.378906249998,4.556020277428288
steel,6.409909266457181e-06,0.5823467945969483,2.4576345710477736,-3.1725311303064174,0.5823467946322253,-0.2709166115965331,1.5014833102703289,9338.378906249998,4.690318492902973
steel,-5.618146119503411e-05,0.6027002175325177,2.1874974397404596,-2.8570360579976892,0.6027002201510306,-0.2400743795891441,1.2471593054860035,9326.171874999998,4.7256849531227445
steel,2.2785649234544258e-05,0.729727373473678,2.3503642718715967,-3.446116705477994,0.7297273738294175,-0.20483270976714424,0.721611001929737,9338.378906249998,4.321161348331129
steel,7.996528245713717e-05,0.7939439213117901,2.926083760791529,-3.446116705477994,0.7939439253388041,-0.12356191559263988,0.6557526326845085,9338.378906249998,4.220349255313335
steel,-5.505419275602996e-07,0.7308041894603985,2.926083760791529,-3.3644247483382292,0.7308041894606059,-0.12078460209521565,0.9947308412561018,9338.378906249998,4.667868511044297
steel,2.0869127904411176e-05,0.6114468162278592,2.5651210329037095,-2.799579141731683,0.6114468165839985,-0.2151394719896903,1.3811222614694332,9338.378906249998,4.661759296973158
steel,-5.137921056396488e-05,0.6243500718108872,2.356550741067738,-3.0091142072008163,0.6243500739249441,-0.40433277861540384,1.6593973676447584,9338.378906249998,4.841888010069503
steel,-2.800239432209728e-05,0.7787832065623898,3.164810553417289,-3.1471108842990505,0.7787832070658252,-0.23481253057404552,0.7101787768956034,9338.378906249998,4.073310523909637
steel,-8.556005970475566e-06,0.8133365055584738,3.4687708130162718,-3.576944014753344,0.8133365056034769,-0.07645655205932486,0.5902181643333653,9338.378906249998,4.092692211260169
steel,-2.426101547506736e-05,0.7265629551943419,3.4687708130162718,-3.576944014753344,0.7265629555993974,-0.12072896331180857,1.0936773281296688,9338.378906249998,4.650381106278757
steel,7.965419669903238e-05,0.6337568007144497,3.0815394875488757,-2.801835481764579,0.6337568057201483,-0.28264896976138454,1.5062649016444425,9338.378906249998,4.702759099912909
steel,5.7660991622425374e-05,0.6428637988687356,2.3905665002637395,-2.84977800471674,0.6428638014546565,-0.2934524931620615,1.3819162758905579,9338.378906249998,4.657390967623881
steel,-8.420604516320269e-05,0.7392885732792949,2.610447320351543,-2.90572482023821,0.7392885780748905,-0.2523262638596575,0.7498749802906004,9338.378906249998,4.1917230627424935
steel,-7.166420375867355e-05,0.7447505380741735,2.725610335893793,-2.9997336532655465,0.7447505415221455,-0.17860304884464026,0.8367224110327984,9338.378906249998,4.392581150476449
steel,2.062814599102124e-05,0.7158817655274865,2.8470639327097538,-3.271661745474094,0.7158817658246867,-0.12475489255578524,0.9941550488699415,9338.378906249998,4.652960254772465
steel,2.265366826299173e-05,0.6596360361763924,2.8470639327097538,-3.271661745474094,0.6596360365653863,-0.23511697689807248,1.3862483282290627,9326.171874999998,4.577485290571716
steel,7.689380506187949e-07,0.6586501146654813,2.881923578665424,-3.109892440724566,0.65865011466593,-0.3185831342041348,1.5222846982591687,9338.378906249998,4.822579941951672
steel,9.584638676138057e-06,0.7591371956916892,2.881923578665424,-3.354877526083514,0.7591371957521956,-0.22232568113513002,0.7610104659956178,9338.378906249998,4.134972235038135
steel,-3.2870631390027106e-06,0.7754442544251038,2.686394819747381,-3.354877526083514,0.7754442544320705,-0.1717760007428268,0.5951731255283232,9338.378906249998,4.13369827535397
steel,4.3503369330673e-07,0.7454447037320275,2.686394819747381,-3.2091022001461633,0.7454447037321545,-0.1270809631695143,0.5458584590916553,9338.378906249998,4.368009865192608
steel,5.095922974586336e-05,0.6377570000283977,2.266651007751885,-2.8725915516738167,0.6377570020643168,-0.15937015618747402,1.0695092273571438,9326.171874999998,4.421445864969426
steel,-7.502961230053398e-05,0.5755124443168569,2.176674727418091,-2.8725915516738167,0.5755124492076656,-0.35362037876932867,1.5816699417217297,9338.378906249998,4.846754939888521
steel,-1.4510104109536303e-05,0.7053935478545079,2.7710904899760314,-3.2931852888431954,0.705393548003746,-0.2349737192451557,0.875487329472417,9338.378906249998,4.322511378259154
steel,5.8761630774520725e-05,0.78907842871283,2.7710904899760314,-3.7054934487917346,0.7890784309007806,-0.1429610064772489,0.6182297569426751,9338.378906249998,4.29457850201896
steel,-2.3035639862304745e-05,0.7634711851819551,2.546623670679513,-3.7054934487917346,0.7634711855294737,-0.12774765502908436,0.6579438491752838,9338.378906249998,4.391537917736429
steel,6.652361988160371e-06,0.6183937528418416,2.4443858034027772,-2.6138925583962465,0.618393752877623,-0.25008356344139865,1.3223938655122556,9338.378906249998,4.656770565418533
steel,4.5161129991937e-06,0.5747000083406336,2.4358206056422986,-2.9179412162250253,0.5747000083583779,-0.34754174347543637,1.701340730908738,9338.378906249998,4.806041020327097
steel,3.429469758187351e-05,0.7442736631003832,2.55400227963147,-3.7342737062528775,0.7442736638905001,-0.23963560729105096,0.8715221857531192,9338.378906249998,4.256752988098942
steel,-2.3903168374866856e-05,0.8119192713540034,2.8939327749653367,-3.7342737062528775,0.811919271705862,-0.17933294330100036,0.6267478912753575,9338.378906249998,4.066355345621789
steel,-7.447523970522507e-07,0.7524632200290695,2.8939327749653367,-3.146106510043633,0.7524632200294381,-0.18486505986550816,0.8543826028284691,9338.378906249998,4.5521865987542665
steel,3.994866730384702e-05,0.6212650227194602,2.6972059207763492,-2.9238755121229665,0.6212650240038525,-0.29755686836646933,1.5709559744707535,9338.378906249998,4.5272743763950185
steel,-8.90002467263535e-05,0.5866803669434263,2.3737569370169007,-2.6661055524193693,0.5866803736941583,-0.2789459104840202,1.7456988635582942,9326.171874999998,4.860171472460453
steel,3.8411085569664874e-05,0.7306673156393979,2.529726670863836,-3.683465077682767,0.7306673166490308,-0.2220452796497007,1.0104468519857495,9338.378906249998,4.152885262003747
steel,1.0889712574369748e-05,0.7601285973098809,3.4924228369467167,-3.683465077682767,0.7601285973878849,-0.1756071417010269,0.993412482862436,9326.171874999998,4.137657547501632
steel,-6.470739736146374e-05,0.728728493448327,3.4924228369467167,-3.296236796324274,0.7287284963211715,-0.1300274481527609,0.913731716496057,9338.378906249998,4.565778082981084
steel,5.338434240377764e-05,0.6628618894170105,2.4696549702950352,-2.693619314143489,0.6628618915666951,-0.1189984275136327,1.0092160887823178,9338.378906249998,4.571486383788017
steel,-3.8329560305231755e-05,0.5689661364190794,2.4634237146302733,-2.6659889091115447,0.5689661377101538,-0.26268372942015805,1.5361255480953195,9338.378906249998,4.830657296105703
steel,4.985673216087025e-05,0.667214982475724,2.4964171990056485,-2.924369910100746,0.6672149843384623,-0.23297098491500698,0.9681722510272506,9338.378906249998,4.56283889068431
steel,4.482591738394626e-05,0.737349835423994,2.579177514692928,-2.954527976529416,0.7373498367865513,-0.08581424380768801,0.5414076725445298,9338.378906249998,4.062861311680054
steel,-6.374740575480975e-05,0.709378065793758,2.579177514692928,-3.186100475640217,0.7093780686580499,-0.1287215208769661,0.7591858532537992,9338.378906249998,4.439153927526844
steel,1.0303378358429093e-05,0.6006655084444994,2.538834634238638,-3.186100475640217,0.6006655085328678,-0.25677387441417215,1.4276446200952,9338.378906249998,4.537734055908793
steel,-4.950015411760551e-05,0.5493212703551835,2.041426078027859,-2.978685984417083,0.5493212725854496,-0.38780750267544506,1.8711311278608083,9338.378906249998,4.735689972122604
steel,4.350299743927873e-05,0.6741865182662371,2.2304860908229465,-2.978685984417083,0.6741865196697885,-0.3262081204479895,0.9897095289053701,9338.378906249998,4.598690013956875
steel,4.086495085770259e-05,0.7674217896274095,2.707910466935831,-3.1511593848110935,0.7674217907154319,-0.11535937118082266,0.45391861910624387,9338.378906249998,4.129611571996923
steel,-4.425554326815343e-05,0.7633850818456612,2.814555212328626,-3.1511593848110935,0.7633850831284693,-0.06845445347876349,0.5710571292700313,9338.378906249998,4.345786507517525
steel,4.63771076350945e-06,0.656777075067226,2.814555212328626,-2.8967776084950287,0.6567770750836002,-0.24543314780570344,1.2618851509260534,9338.378906249998,4.64678539115683
steel,-8.170563038309515e-05,0.5897211387620919,2.2432229372317605,-2.8967776084950287,0.5897211444222332,-0.37763234946704805,1.5712918415214885,9326.171874999998,4.733290791289097
steel,3.8888635695692786e-05,0.6849645676767859,2.5477768637638114,-3.528987793649523,0.6849645687807306,-0.2561043326054682,1.067108331388206,9338.378906249998,4.427923257528511
steel,8.392487180564671e-05,0.7933635073401389,2.912078467480988,-3.528987793649523,0.7933635117790777,-0.10539102613681492,0.5240386430409836,9338.378906249998,4.1564115672832305
steel,-3.6476654217881265e-05,0.737308846618587,2.912078467480988,-3.0916383589420087,0.7373088475208862,-0.0982753760575125,0.6969604740705333,9338.378906249998,4.497432082452236
steel,-1.1274900837519564e-05,0.5757591275231716,2.3177232406244554,-2.6293539388187357,0.575759127633568,-0.26161561361856384,1.3312149292309163,9338.378906249998,4.646556803693633
steel,-2.179634966282029e-05,0.5718208439998351,2.1979116752306904,-3.0954973375049066,0.5718208444152457,-0.35019091776767647,1.7729959232435881,9338.378906249998,4.8100222123700735
steel,6.19874738959581e-05,0.7373953407440786,2.7543588814005275,-3.8893669304300675,0.7373953433494971,-0.26552237965349823,0.9418634943998114,9338.378906249998,4.313526163979294
steel,4.629578714821503e-05,0.7898227975413862,2.7543588814005275,-3.8893669304300675,0.7898227988982094,-0.15235720643071785,0.6520867849029806,9338.378906249998,4.130249073421631
steel,-0.00011161004716224373,0.7189674268416766,2.7540289677944343,-3.2446092657313446,0.7189674355046577,-0.10058787494355816,0.9056844577077192,9338.378906249998,4.606224498870093
steel,1.8814393928050444e-05,0.6377021687200977,2.5990313432609957,-2.9853640132680406,0.6377021689976422,-0.2401043590575556,1.3696743921379433,9338.378906249998,4.65803634619005
steel,6.13572148335378e-05,0.6159769254009256,2.190196197023,-2.9853640132680406,0.6159769284568094,-0.3053450144664839,1.4514265523662138,9326.171874999998,4.766312058242033
steel,-2.5276805588808572e-05,0.725724753936276,2.6370328627478994,-3.2733145514344386,0.7257247543764682,-0.2086896399365913,0.8706782234171122,9338.378906249998,4.3638233285167765
steel,-4.776626598719913e-05,0.8178352637865152,2.9607299906083226,-3.348354867031501,0.817835265181427,-0.11461523748494105,0.5137874552954069,9338.378906249998,4.1863661745740295
steel,1.9927910065730316e-05,0.7531337838769947,2.9607299906083226,-3.348354867031501,0.7531337841406408,-0.15435649389486708,0.866023516537791,9338.378906249998,4.435856336798423
steel,7.347642290423533e-05,0.6230362655290347,2.453539838597075,-2.837706942232633,0.6230362698616755,-0.3083270257090304,1.5006194503996246,9338.378906249998,4.745948663794147
steel,-6.762839696937194e-05,0.6184178240362811,2.453539838597075,-2.7522959743146957,0.6184178277341046,-0.30167538338679933,1.4505008962825494,9326.171874999998,4.713277791965277
steel,-3.121144842579887e-05,0.7189015530316922,2.6654709888698553,-3.6438917581619847,0.7189015537092219,-0.2613275661860757,0.8936340377759207,9338.378906249998,4.14074658334698
steel,3.1523113941559045e-05,0.8067644621881498,2.7665414729631412,-3.822331957700977,0.8067644628040089,-0.16463044191482215,0.6275886076892321,9338.378906249998,4.171480181765432
steel,-4.514167486776255e-06,0.7708889266209075,2.7665414729631412,-3.822331957700977,0.7708889266341246,-0.13690474407315997,0.7726305369238142,9338.378906249998,4.429264205461968
steel,6.0596538138278034e-06,0.6259340561934106,2.6534120030450308,-2.9285872304567584,0.6259340562227422,-0.17892222109026962,1.3276670221859135,9338.378906249998,4.6895318019188155
steel,-5.382381170830113e-05,0.608229872171128,2.3712140883145643,-2.8143567525717614,0.6082298745526312,-0.3405597641740144,1.491753637658113,9338.378906249998,4.800419048969815
steel,-3.8860693859964965e-05,0.6891403299662748,2.958981076109831,-3.226379592000638,0.689140331061954,-0.3111996861890358,0.9898366909927385,9338.378906249998,4.411774270465736
steel,6.0913239065016465e-05,0.771373185389638,2.958981076109831,-3.4891061344084346,0.7713731877947142,-0.10850834950996016,0.7284541281422321,9338.378906249998,4.276259795031441
steel,8.339633705570292e-06,0.7663699639460048,2.8885592201978927,-3.4891061344084346,0.7663699639913807,-0.10125599362299346,0.7161648864371726,9326.171874999998,4.334472359150258
steel,3.353961783959856e-05,0.6511360764994898,2.508397772900834,-2.8239728452107653,0.6511360773632923,-0.3022615502472834,1.230544076316889,9338.378906249998,4.681945748638075
steel,5.674487854439463e-05,0.6377674655434321,2.3262622254317,-3.177847536555218,0.6377674680678485,-0.427492849398965,1.5597714570724186,9338.378906249998,4.652450756490909
steel,6.927295221095264e-06,0.7452194670246652,3.0989327664267017,-3.193112676390032,0.745219467056862,-0.22772213561022464,0.750082052306488,9338.378906249998,4.248398606761504
steel,-8.702242204509402e-05,0.7753105625163599,3.0989327664267017,-3.193112676390032,0.7753105674001459,-0.07162000547664674,0.5184502608815418,9338.378906249998,4.196460428241647
steel,-7.833784308783311e-05,0.6917272068209946,2.8338218766646968,-3.056394980889739,0.6917272112568601,-0.13024341543857085,1.1525580714722343,9338.378906249998,4.750536092044436
steel,4.4682640838355116e-05,0.6731015737332126,2.8338218766646968,-3.3909473026121955,0.6731015752163011,-0.33112468739523604,1.4899710080432556,9338.378906249998,4.582435586935974
steel,5.807766547500941e-05,0.7042462148749598,2.4665401723583935,-3.3909473026121955,0.7042462172697296,-0.33959563302094153,1.3512211808846741,19335.937499999996,4.667181362793256
steel,3.621292490029293e-05,0.7356363858177298,2.5135545494446303,-3.315048135859171,0.7356363867090504,-0.23482174403668019,1.004543342977958,9338.378906249998,4.242899168614634
steel,-7.892511150787174e-05,0.794628027643494,3.0661351515389046,-3.5151395551484512,0.7946280315630471,-0.1083421092633148,0.9160637822509932,9338.378906249998,4.306503499061236
steel,-3.5716588305880934e-05,0.7492567265610833,3.0661351515389046,-3.5151395551484512,0.7492567274123769,-0.08781564139476011,1.1555943407896878,9338.378906249998,4.585616328438373
steel,9.198857102767369e-05,0.6003564020739371,2.9707041855891063,-2.847777076306956,0.600356409121332,-0.24021491461574274,1.419013571606782,9326.171874999998,4.960051529055162
steel,-2.0244058028255596e-05,0.5962956056561189,2.42230904371911,-2.8405788532747316,0.5962956059997588,-0.36858699482961926,1.633952145162965,9338.378906249998,4.8422319529879445
steel,-6.366531453507414e-05,0.6948956930191845,2.6440950487119412,-3.2716762300767264,0.6948956959356455,-0.24861887084674988,0.911724980167862,9338.378906249998,4.2945181632156
steel,5.968544578417225e-05,0.7866966695501122,2.9839196323895134,-3.4080106893240116,0.786696671814233,-0.08773429710507455,0.6765600353127068,9338.378906249998,4.369778771570862
steel,7.817912397126969e-06,0.7965742274105378,2.9839196323895134,-3.4080106893240116,0.7965742274489019,-0.09236847617275414,0.6313374579598037,9338.378906249998,4.44064818500527
steel,-3.0165635592304117e-06,0.6819414650377391,2.5482674967184793,-3.0633389164420985,0.681941465044411,-0.24825259969813798,1.1335428235432596,9338.378906249998,4.592412881915719
steel,-0.00048531246471947113,0.6115226491976304,2.4647193427297407,-3.0633389164420985,0.6115228417727964,-0.3441489228321014,1.5744144189488471,9338.378906249998,4.731992101521605
roasted_steel,-0.000392202436053495,0.6623914776965574,2.9066708154792935,-2.8250658157356385,0.6623915938082093,-0.16477122130338523,1.1908137479636274,9338.378906249998,4.695592373652447
roasted_steel,-8.135088138382514e-05,0.5618422629561511,2.2843201691996042,-2.930801984940453,0.5618422688456742,-0.3977678970380373,1.6811151924951035,9326.171874999998,4.859081420586843
roasted_steel,2.3756018462453142e-05,0.6086773247763936,2.219762271888745,-2.930801984940453,0.6086773252399795,-0.4917148191623252,1.5472055388418724,9338.378906249998,4.6350065586905185
roasted_steel,-1.521645495872853e-05,0.6873326466446802,3.0529121051399786,-3.065694756224923,0.6873326468131143,-0.3883698615513635,0.7964150837874855,9338.378906249998,4.400057908961727
roasted_steel,-5.2565454373418796e-05,0.7343672639948504,3.0529121051399786,-3.065694756224923,0.7343672658761481,-0.23568134393201104,0.6314396691850321,9338.378906249998,4.533162266313829
roasted_steel,9.649204262877251e-05,0.7322033229515207,2.665971340756783,-3.1632698587443024,0.732203329309532,-0.23008170961803223,0.5783159354136904,9338.378906249998,4.501573797080666
roasted_steel,3.87460826471794e-05,0.6246332785725442,2.2542795890961065,-3.1853702772047168,0.6246332797742565,-0.43856954268536,1.3696709657485577,9338.378906249998,4.760768689212153
roasted_steel,2.4762225970125452e-06,0.6143788500762455,2.2909589282116896,-3.1853702772047168,0.6143788500812356,-0.4333562118167199,1.5118986114454511,17333.984374999996,4.632603177668788
roasted_steel,3.2008547892855145e-05,0.7409125404209611,2.395131088879505,-3.5943359396028196,0.74091254111237,-0.38694416310077595,0.8337035896446365,9338.378906249998,4.216300229855795
roasted_steel,-0.00013488409008957487,0.824142074773459,3.2643336992875236,-3.5943359396028196,0.8241420858114329,-0.2637369457445157,0.6004343137206458,9338.378906249998,4.351904937840939
roasted_steel,-5.305252569984491e-05,0.7592195618450966,3.2643336992875236,-3.478557170693229,0.7592195636986911,-0.22017426756428843,0.9434218663451217,9338.378906249998,4.607691626087777
roasted_steel,7.742559214984848e-05,0.6224722362477741,2.52001241720501,-2.961129492331591,0.6224722410630269,-0.4543772155108505,1.5916264554038673,9338.378906249998,4.844032532687602
roasted_steel,-1.289416985631513e-05,0.6903984006806062,2.324458083358996,-3.317040940503312,0.6903984008010147,-0.4622906230941662,1.1508799366773532,9338.378906249998,4.621079400340154
roasted_steel,-2.3359961313237764e-05,0.7939805131861347,2.5987189773749173,-3.317040940503312,0.7939805135297752,-0.3513042411394376,0.5886906626541522,9338.378906249998,4.280851565031039
roasted_steel,-2.700860868733548e-05,0.8142562392981539,3.326032790323027,-3.1949734478088905,0.8142562397460873,-0.19333525961747286,0.8127034569917804,9338.378906249998,4.452966619385194
roasted_steel,1.19559786202863e-05,0.7577619282966064,3.326032790323027,-3.6014051945338035,0.7577619283909273,-0.24699172093152044,1.2371193733981958,9338.378906249998,4.638940345093916
roasted_steel,-3.441649825963307e-05,0.6484435660689101,2.513478530496292,-3.6014051945338035,0.6484435669822473,-0.5101808448855527,1.694001796796523,9338.378906249998,4.778208797927222
roasted_steel,0.00010500951920381994,0.7362496273711793,2.461076522015144,-3.4361424494576642,0.7362496348598073,-0.4338872633414186,1.296327338641218,9326.171874999998,4.682674325593141
roasted_steel,3.711481066034843e-05,0.8415070655132383,3.1173867233220216,-3.9333768286334894,0.8415070663317158,-0.33674404527786406,0.8433837431042845,9338.378906249998,4.383067339914519
roasted_steel,-0.0001529601492890039,0.8047467933252522,3.1173867233220216,-3.9333768286334894,0.8047468078620029,-0.21165326760454456,1.0632997784049127,9326.171874999998,4.418295019898592
roasted_steel,6.377177113821797e-05,0.7547621924313801,3.116052675738278,-3.1691409689217034,0.7547621951254994,-0.22609949176522787,0.9363787718257797,9338.378906249998,4.670001717581269
roasted_steel,0.00012034345773055899,0.6436945979562136,2.8606422196030277,-2.9328240599899162,0.6436946092057625,-0.4360763682968505,1.547119965577311,9338.378906249998,4.733003312957338
roasted_steel,-3.775074193066861e-05,0.6752100009154096,2.3685458355070432,-3.6172384617764584,0.6752100019707246,-0.5343112085212509,1.5680828100743431,9338.378906249998,4.69455421589018
roasted_steel,-2.603214992641174e-05,0.8323895746924733,2.6738846920998185,-3.9477374881261014,0.8323895750995381,-0.3962948932861046,0.8115503966019739,9338.378906249998,4.209980587954694
roasted_steel,-3.040143279769334e-05,0.8530480020628183,3.1120568936591932,-3.9477374881261014,0.8530480026045505,-0.22515774214732534,0.716763757840917,9326.171874999998,4.418029297238601
roasted_steel,-4.6881443407424886e-05,0.7617352487860444,3.1120568936591932,-3.1375016545946712,0.7617352502287174,-0.17804306025108113,0.7800985466851795,9338.378906249998,4.596908745036849
roasted_steel,0.00011601740414696975,0.6411350477925202,2.5022908692557633,-2.909192645461518,0.6411350582895582,-0.39596311394761047,1.355172796202507,9326.171874999998,4.683540045177157
roasted_steel,1.5990412284863843e-05,0.6832635126266772,2.5022908692557633,-3.868550139814557,0.6832635128137889,-0.5417900210019874,1.6553679427475956,9338.378906249998,4.774938860850886
roasted_steel,-0.00012681903204679961,0.808164497061194,2.7074201352140186,-3.868550139814557,0.8081645070115611,-0.38794089122622877,0.8587928490187253,9338.378906249998,4.228859152322195
roasted_steel,1.474509130779853e-05,0.8072557558886564,3.063374422811213,-3.768704198761103,0.8072557560233211,-0.23412501988018083,0.9387376005856534,9338.378906249998,4.473945331536768
roasted_steel,5.712913883521782e-05,0.7318353750179107,3.063374422811213,-3.2342210158823894,0.7318353772477418,-0.23037743113754897,1.0683497454785575,9338.378906249998,4.689821451673131
roasted_steel,-6.240187596273921e-05,0.6430088527537788,2.4811489489218954,-2.916897903739848,0.6430088557817264,-0.3538333647194657,1.4173194701640028,9326.171874999998,4.701850191687162
roasted_steel,2.4983579937442823e-05,0.6933308213241131,2.4602418442911445,-3.605779989978375,0.693330821774244,-0.4233104721597501,1.6281410347048197,9338.378906249998,4.554934372803171
roasted_steel,5.872964439859529e-06,0.8079839901227008,2.7757836590149,-3.6163230306756757,0.8079839901440451,-0.35853902649543573,0.8793879769044533,9338.378906249998,4.17881958859514
roasted_steel,-5.768928168972971e-05,0.8141964739246986,3.014909656147011,-3.6163230306756757,0.8141964759684642,-0.26551006607171196,0.8275541609635457,9338.378906249998,4.443276384018277
roasted_steel,8.387243745375681e-05,0.7666321078679634,3.014909656147011,-3.0249667921787964,0.7666321124559435,-0.22777310073087126,0.8212877544561619,9338.378906249998,4.547502578880979
roasted_steel,4.323603808926981e-05,0.673934648397499,2.555112463877612,-3.3262603354533042,0.6739346497843952,-0.3769804167413385,1.5465514681510664,9338.378906249998,4.851555216946542
roasted_steel,1.8465024408468357e-05,0.6889621643757622,2.431189622681437,-3.3262603354533042,0.6889621646232047,-0.47424958994877797,1.5823750460601307,9338.378906249998,4.776414711120878
roasted_steel,1.7971741464400502e-05,0.7956517710857376,2.3902048246343752,-3.3407545548275435,0.7956517712887056,-0.3607085355219905,0.7070143501832713,9338.378906249998,4.274625215695156
roasted_steel,-0.00011258633492057497,0.813049151541395,2.9713452197683172,-3.3407545548275435,0.8130491593365466,-0.24689561815160405,0.6707619832741432,9338.378906249998,4.35610773882021
roasted_steel,-5.5509668438730995e-05,0.7097872368903638,2.9713452197683172,-3.0307775599121514,0.7097872390609602,-0.21169084950439604,1.0793593819503426,9338.378906249998,4.629970621976817
roasted_steel,3.6266206347965355e-05,0.6160106722263323,2.508183468335614,-3.420755411019849,0.6160106732938769,-0.4294705724328255,1.7935748270452265,9338.378906249998,4.824748605820001
roasted_steel,1.4558837841040884e-05,0.7153780882058071,2.508183468335614,-3.420755411019849,0.7153780883539522,-0.44582522859481705,1.3191684062559812,9338.378906249998,4.699558600296335
roasted_steel,-1.7730573089637457e-05,0.805542650270287,2.7911614520502086,-4.092348104426046,0.8055426504654183,-0.346950926360849,0.6972967236177792,9338.378906249998,4.200793068999089
roasted_steel,3.9490925744909465e-05,0.8395257471585744,3.079850035893828,-4.092348104426046,0.8395257480873926,-0.21685422863640724,0.8734691737659515,9338.378906249998,4.458890338761044
roasted_steel,1.2896297233114029e-05,0.7663354827255655,3.079850035893828,-3.7873467388919657,0.7663354828340784,-0.23327860813259144,1.2295148553637238,9338.378906249998,4.5693831454898515
roasted_steel,-4.7560123424349055e-05,0.6022285254612306,2.2086746361338885,-2.9232061142919474,0.6022285273392265,-0.48349266659709106,1.5673707428178085,9338.378906249998,4.739542514208802
roasted_steel,9.929692368891203e-05,0.678596414645245,2.2912330392862295,-3.088397559762847,0.6785964219101516,-0.4355618873607409,1.3023972965748971,9326.171874999998,4.687370769304319
roasted_steel,-4.353068215318765e-05,0.7981206985377494,2.716372738159617,-3.63819234927515,0.7981206997248632,-0.38514783035445116,0.9043831139430991,9338.378906249998,4.311042433956695
roasted_steel,-9.236769715887425e-05,0.8137518367789685,3.1391660421472998,-3.63819234927515,0.8137518420212249,-0.25689277855671094,0.8409158484584607,9338.378906249998,4.486975439578993
roasted_steel,8.275332714759058e-05,0.750606638933653,3.1391660421472998,-3.225501466973766,0.7506066434953721,-0.21400972262646017,0.8696484055247229,9338.378906249998,4.666831042768354
roasted_steel,-1.7529785168936085e-05,0.6334892942916565,2.843206888204833,-3.225501466973766,0.6334892945341968,-0.400079110510525,1.6236010500591567,9338.378906249998,4.887077172542434
roasted_steel,-2.337541624845706e-05,0.6889868507424416,2.7725633276303543,-3.709378802900826,0.6889868511389732,-0.4543628407200992,1.362959896763389,9338.378906249998,4.791839863394714
roasted_steel,5.9307071184849126e-05,0.7877002724386822,2.5946718072630204,-3.709378802900826,0.7877002746713391,-0.36069508400492817,0.8014073813852574,9338.378906249998,4.401436395393211
roasted_steel,-4.316256398629959e-06,0.828970047997644,3.2660868920690898,-3.618202026434051,0.8289700480088809,-0.23375572371796136,0.7990623736427018,9338.378906249998,4.5479519385865785
roasted_steel,-5.260243235591414e-05,0.7756903998361213,3.2660868920690898,-3.618202026434051,0.7756904016197039,-0.22007871762131528,0.9471165362942577,9338.378906249998,4.5341645642098225
roasted_steel,5.907684473716105e-05,0.636336638819161,2.8923718318559377,-3.120421653742398,0.6363366415614781,-0.38691572185374223,1.3522539719475661,9326.171874999998,4.671274368061807
roasted_steel,1.232793226650999e-05,0.7135488987366497,2.287941737058091,-3.481042613462732,0.713548898843144,-0.524818550657896,1.3362810758825994,9338.378906249998,4.644837325838358
roasted_steel,-7.970392120399142e-05,0.8089017637931202,2.846853578513457,-3.5553659433840203,0.8089017677198733,-0.3478010246349127,0.7867409090952662,9326.171874999998,4.209014732066374
roasted_steel,4.749970674639939e-05,0.8068303236901774,3.420269838707088,-3.6337660496672397,0.8068303250883786,-0.155412249954793,0.9227776169921973,9338.378906249998,4.579124581617105
roasted_steel,-4.588922260626964e-05,0.7652609697142154,3.420269838707088,-3.6337660496672397,0.7652609710900994,-0.21202062079332193,0.9068126592077999,9338.378906249998,4.635580779982989
roasted_steel,-4.903148580387848e-05,0.6680707223069698,2.5349463712372406,-3.335948933133925,0.6680707241062454,-0.42139394471987013,1.3784891006152131,9326.171874999998,4.767901575591205
roasted_steel,8.673396567895366e-05,0.6711646773716354,2.5349463712372406,-3.335948933133925,0.6711646829759088,-0.4457901567306028,1.4406688620374748,9338.378906249998,4.731515868031536
roasted_steel,-3.306218994247405e-05,0.7649387675972166,2.931379032294783,-3.4792696432344976,0.7649387683117237,-0.3465039119784657,0.9058319706410356,9338.378906249998,4.355544048408438
roasted_steel,-3.08489832902036e-05,0.8722951212786042,3.5541914243992045,-3.4792696432344976,0.872295121824096,-0.20654637077103752,0.7472528995430463,9338.378906249998,4.4096527915920865
roasted_steel,5.7868179161002286e-05,0.8296335476575529,3.5541914243992045,-3.413659467610644,0.8296335496757489,-0.19811693231248687,0.89679562285676,9338.378906249998,4.469318657886127
roasted_steel,2.842478623819034e-06,0.6543808888355006,2.6041569537474265,-3.580461720929999,0.654380888841674,-0.4401433759561234,1.65959913992012,9326.171874999998,4.748540782343534
roasted_steel,4.0657659463152916e-05,0.7027896789521165,2.5318075633637522,-3.580461720929999,0.7027896801281763,-0.4558146735842161,1.5197175878459968,9338.378906249998,4.635641595323798
roasted_steel,1.9095370910066657e-05,0.7939781397121735,3.016139079193205,-3.557923328397142,0.7939781399417976,-0.3698580204006795,0.8645696272780787,9338.378906249998,4.296883844980904
roasted_steel,-0.00012157471004622836,0.7809936418111024,3.016139079193205,-3.557923328397142,0.7809936512736698,-0.2517383928310305,0.8803263616939181,9338.378906249998,4.481168529059545
roasted_steel,-1.554946033957385e-05,0.7083711269062601,2.987493509049537,-2.8400328444394973,0.7083711270769233,-0.1875062232368273,0.9486137630843015,9338.378906249998,4.584810233522697
roasted_steel,7.60315065358635e-05,0.597773903366989,2.4759723418389257,-2.997432530910623,0.5977739082022535,-0.42773663811133456,1.7971330597064554,9338.378906249998,4.862667307107656
roasted_steel,-1.8595855501009817e-05,0.67218433166852,2.2722140905404804,-3.4420937377305316,0.6721843319257454,-0.4708177073462757,1.5582767074654145,9326.171874999998,4.692401164346031
roasted_steel,2.1933765454192233e-05,0.8109316764082948,2.69714146303444,-3.8197519940563414,0.8109316767049227,-0.3266111736446116,0.732708966752377,9338.378906249998,4.452416909743138
roasted_steel,1.6790919422121252e-05,0.852665245174121,3.094431956744397,-3.8197519940563414,0.8526652453394467,-0.20881548331171682,0.7398909420151818,9338.378906249998,4.506921456562441
roasted_steel,-8.080328286247966e-05,0.784263109829033,3.094431956744397,-3.260940743961566,0.7842631139916477,-0.2634638723735587,1.089138188397369,9338.378906249998,4.584160941225291
roasted_steel,-2.5171417163913446e-05,0.6667162803635984,2.5617021973169645,-3.138298311765257,0.6667162808387632,-0.47878794363096133,1.700819757221864,9338.378906249998,4.80599412807806
roasted_steel,9.528823858119355e-05,0.7002088281155646,2.6106701526411764,-3.138298311765257,0.7002088345992364,-0.3733960581037098,1.3153201240816799,9338.378906249998,4.7853258644155385
roasted_steel,-3.3267716921879974e-05,0.7640856329022594,2.836446188690475,-3.627681036011159,0.7640856336264852,-0.3589616546931665,1.0677760544393768,9338.378906249998,4.341354049425892
roasted_steel,-4.446876841742275e-05,0.8213673251220837,3.1402082951379584,-3.627681036011159,0.8213673263258516,-0.233989025888258,0.9565063770644642,9338.378906249998,4.46561961457293
roasted_steel,0.00010381816543336158,0.8299125203407135,3.324444097675293,-3.5227160214745266,0.8299125268342964,-0.18504094850595776,0.8689294136031815,9338.378906249998,4.427515017743223
roasted_steel,5.647848622057627e-06,0.6695393611581528,3.324444097675293,-3.5227160214745266,0.6695393611819738,-0.328286407241601,1.9467908886688319,9338.378906249998,4.8053654245552
roasted_steel,-2.2599007823334237e-05,0.6557827878779783,2.2718225704672492,-3.747438855737904,0.6557827882673718,-0.48942890306813946,1.6894723977049733,9338.378906249998,4.8621840891004355
roasted_steel,1.2792241086480561e-05,0.7699365396050221,2.77631804174271,-3.747438855737904,0.7699365397112915,-0.3821527582163399,0.9670467792309245,9338.378906249998,4.323765924742484
roasted_steel,-6.86785198324154e-05,0.8216585750989335,3.1839378819007558,-3.4644831731270633,0.8216585779691883,-0.16375739481353033,0.7304407475378327,9338.378906249998,4.4243191086308356
roasted_steel,-1.7901461910112327e-06,0.785365457240163,3.1839378819007558,-3.196445856806766,0.7853654572422032,-0.1866451963124806,0.8942567651738846,9338.378906249998,4.442617233547962
roasted_steel,0.00011569393375111823,0.6302502589351366,2.9862335689479815,-3.196445856806766,0.6302502695540027,-0.44253232848610374,1.776897045623664,9326.171874999998,4.765602479421757
roasted_steel,-4.4988105392877677e-05,0.6952392207683374,2.4387865445881856,-3.783668569082429,0.6952392222239009,-0.5245591058731436,1.5752366966187514,9338.378906249998,4.632334299880702
roasted_steel,-7.242433988397124e-05,0.7878036878165756,2.89403916422969,-3.783668569082429,0.7878036911456314,-0.4040321302389193,0.8192726902908283,9338.378906249998,4.211070869149067
roasted_steel,7.820364317839941e-05,0.7714440822738251,3.0130346423205947,-3.252269262207561,0.7714440862376962,-0.20211973150293627,0.8561292497624149,9338.378906249998,4.489335692819661
roasted_steel,-1.7246694817280995e-05,0.7592709481590517,3.3114342695642063,-3.199915687182723,0.7592709483549295,-0.20707769568696768,0.8905821664192972,9338.378906249998,4.589549224705014
roasted_steel,-7.666086485734626e-05,0.6538271933330878,3.3114342695642063,-3.199915687182723,0.6538271978273091,-0.3958775274672222,1.6711188649275446,9326.171874999998,4.736810151237025
roasted_steel,7.630451408198378e-05,0.6730360111654876,2.4590946091732606,-3.0589788318120497,0.6730360154909463,-0.4480964085775661,1.438511040121969,9338.378906249998,4.628805883105183
roasted_steel,-2.586720320822786e-05,0.7896570096792386,2.5786616118905807,-3.5184002328569344,0.7896570101029113,-0.3312339436869457,0.6819481406381964,9338.378906249998,4.342190368365285
roasted_steel,-0.00011266000691011003,0.8280900380481291,3.2097586556007185,-3.5184002328569344,0.8280900457117143,-0.21264692068489355,0.7513833663376093,9338.378906249998,4.4525733372909135
roasted_steel,6.808671488034201e-05,0.782890363212838,3.2097586556007185,-3.314642129988284,0.782890366173534,-0.21020060188816347,0.798881585251682,9338.378906249998,4.544212091659695
roasted_steel,4.995201196944521e-05,0.6645203584777502,2.4951735058745674,-3.426999780776448,0.6645203603551972,-0.4002567326683017,1.3636093766279567,9338.378906249998,4.702454280527915
roasted_steel,1.953643975651742e-06,0.6789749304041296,2.4951735058745674,-3.426999780776448,0.6789749304069403,-0.44017028679218817,1.5759068365273174,9338.378906249998,4.757653964173448
roasted_steel,1.1101901504867206e-05,0.8004794318746585,3.609462049078571,-3.96212991933147,0.800479431951645,-0.35567404420087134,0.9661559133412458,9338.378906249998,4.370209340439764
aluminum,-0.000615926683636182,0.7213752773535345,3.4753638262871984,-3.0776379099852496,0.7213755402996199,-0.25461190835591946,0.729943052479467,1000.9765624999999,4.739442387854792
aluminum,-0.00034500852595825904,0.8052631044887422,3.4753638262871984,-2.862927666696058,0.8052631783968082,-0.2146653725807062,0.21879885189909976,1000.9765624999999,4.3123448426205755
aluminum,-0.00010272104373428527,0.9032347514677777,4.138141300428678,-2.9097477284206543,0.9032347573087911,0.038317143405138455,0.4229255109362273,1000.9765624999999,4.369714016115978
aluminum,0.00020611555635467136,0.908533598301181,4.138141300428678,-3.7522010364939042,0.9085336216815062,0.007892611242778489,0.6036410608664791,1000.9765624999999,4.414065514969908
aluminum,0.0002592015024591192,0.8009369570200817,3.561658448875745,-4.016543274226914,0.8009369989618454,-0.27013855175943313,1.0167406711983924,1000.9765624999999,4.573285968644241
aluminum,-0.00017585208136065936,0.8098925259507186,3.2274593953821626,-4.016543274226914,0.8098925450421124,-0.34802208896578013,0.7180443153083038,1000.9765624999999,4.545720744082253
aluminum,-0.0002615810559898051,0.8754024960542457,3.3972804557281937,-2.9382696263692085,0.8754025351360667,-0.23888335442161066,0.19394026228517536,1000.9765624999999,4.046143621824343
aluminum,5.4618113730097305e-05,0.9154440097792084,4.106387572828807,-3.517540296923547,0.9154440114085479,0.005079470701855758,0.5472641809715459,1000.9765624999999,4.355212853406156
aluminum,0.00020845722204697762,0.9020968065046039,4.106387572828807,-3.746153900092005,0.9020968305898308,-0.003702409491056198,0.7926073818958375,9338.378906249998,4.420729924417103
aluminum,0.00033745411958846624,0.8328394924844071,3.86525249687423,-3.746153900092005,0.8328395608500881,-0.26597010464550963,1.0168480180009114,1000.9765624999999,4.535435520311831
aluminum,-0.0002408495818615914,0.8241053891252259,3.081697245645562,-3.430160965863848,0.8241054243200691,-0.3151003501729986,0.6175801854753531,1000.9765624999999,4.578169052675854
aluminum,-0.00036590846664111585,0.8428089172144592,3.4952729544250287,-3.613506339657461,0.8428089966446818,-0.16224630077606184,0.110285286470718,1000.9765624999999,4.113239136292474
aluminum,4.3848822841137645e-05,0.9357209658796366,4.403509579846844,-3.613506339657461,0.9357209669070365,0.03185538183033929,0.4486670548629723,1000.9765624999999,4.295500459638363
aluminum,-3.6129234915731615e-05,0.9595961783269381,4.403509579846844,-3.202995048093854,0.9595961790070792,-0.002545847063869778,0.44517760518251226,1000.9765624999999,4.345492907713432
aluminum,0.00030144824920456026,0.8082577582247161,3.6517132991406696,-3.0078057057432113,0.808257814438865,-0.18081107544585823,0.7851129399884358,1000.9765624999999,4.521193661747062
aluminum,0.00018405564590152706,0.7343741428185191,3.0536188587544966,-2.886895581565997,0.7343741658833837,-0.29772634470143716,0.6567901639270897,1000.9765624999999,4.561302949728364
aluminum,-0.00022778430919992649,0.8126673144134701,3.3202663384899544,-2.9833086116301235,0.812667346336552,-0.18708480706451064,0.3081095842163055,1000.9765624999999,4.269748329392314
aluminum,7.452054228223437e-05,0.9050470724473026,4.104023423478525,-3.2410631729883006,0.9050470755152709,0.054782838619084714,0.5856214488062492,1000.9765624999999,4.369423413923734
aluminum,2.8700690811178385e-05,0.8926221993818749,4.104023423478525,-3.2410631729883006,0.892622199843285,0.05037601972827755,0.6853419758524351,1000.9765624999999,4.482297552931053
aluminum,-2.5462123497275436e-05,0.7662006242087226,3.4523398924780864,-3.780985352104586,0.766200624631797,-0.1884478393450775,0.9413989632125315,1000.9765624999999,4.631181128546803
aluminum,-8.22288696323116e-05,0.735013521776144,3.2121238093521534,-3.780985352104586,0.7350135263757784,-0.2802236202143589,0.6425579382115716,1000.9765624999999,4.527776094620201
aluminum,-0.0001336896884612398,0.8268838447724935,3.1716065657266936,-2.678211489299477,0.8268838555798957,-0.20312419315257169,0.13982712468092684,1000.9765624999999,4.1900236113807585
aluminum,-1.136144632195073e-05,0.9092062994947752,3.824341077520462,-3.485649345227076,0.9092062995657616,0.010290214784666546,0.4533695992039646,1000.9765624999999,4.4170076184729155
aluminum,0.00013079180606148536,0.9086943154490875,3.824341077520462,-3.485649345227076,0.9086943248617668,0.01705806095708054,0.5800205617244898,1000.9765624999999,4.413451018041864
aluminum,0.0003868519569232066,0.7932027580417561,3.476809881668005,-3.706677010601474,0.7932028523773003,-0.23490791058142094,1.0152078871970494,1000.9765624999999,4.5340591479317105
aluminum,-0.00028248592570720335,0.7641660533516685,2.890702209878473,-3.706677010601474,0.7641661055643357,-0.33199531464969073,0.6761556861914961,1000.9765624999999,4.665322641427626
aluminum,-0.0003380494839408393,0.8557712692497539,3.183972216355628,-2.741506272714604,0.8557713360184416,-0.1250208648704896,0.13568416752627588,1000.9765624999999,4.131464884035468
aluminum,8.433675927296331e-05,0.9436574772011626,4.243055482244176,-2.950628090013918,0.943657480969844,0.05584016073375274,0.3872089292196521,1000.9765624999999,4.383293496081285
aluminum,6.022762257670244e-06,0.9177327358876819,4.243055482244176,-3.0391627055630765,0.9177327359074445,0.025367231647654913,0.4633570445750057,1000.9765624999999,4.411657717537072
aluminum,0.00025284622337657774,0.7924704252471122,3.110619215870949,-3.2084200297727548,0.7924704655837664,-0.12310669464198365,0.5738511054008328,1000.9765624999999,4.536389208250828
aluminum,-4.459975370680764e-05,0.7583898586788567,3.1241844802707135,-3.2084200297727548,0.7583898599902785,-0.21660313578477527,0.5807213235866535,1000.9765624999999,4.630895011160508
aluminum,-0.00028317244794657907,0.8455580620179912,3.5844849614393346,-2.7104981556290615,0.8455581094343879,-0.13796407563233826,0.2646406988830927,1000.9765624999999,4.184965633906185
aluminum,-2.15047650010594e-05,0.9436497828573858,3.7859946715190866,-3.293120874854226,0.9436497831024211,0.041678871065507765,0.33817127944221026,1000.9765624999999,4.317461636550416
aluminum,0.00011298512285786372,0.9285386863351637,3.7859946715190866,-3.401433292249192,0.928538693209211,0.013459888952409908,0.48066649330670863,1000.9765624999999,4.444048159421673
aluminum,0.0002550365710471799,0.8170986165261167,3.383765513282699,-3.4877688729180996,0.8170986563277083,-0.15501865126395312,0.6909549945840348,1000.9765624999999,4.398175023325098
aluminum,-1.9642743913014105e-05,0.7470339532332304,3.2944755837182385,-3.4877688729180996,0.7470339534914766,-0.25465209918659215,0.6370807028279359,1000.9765624999999,4.6359767366589715
aluminum,-0.00026372272130436105,0.8127455555834772,3.194255032691407,-3.1717237139825176,0.8127455983703441,-0.19293392211302196,0.2946091671396318,1000.9765624999999,4.257680075866731
aluminum,-3.831015199684531e-05,0.8982153792474797,4.2904505631501015,-3.1030289343007005,0.8982153800644708,0.014060547432346422,0.3737845699326665,1000.9765624999999,4.31296254168724
aluminum,0.0002442949867681773,0.9097593971084311,4.2904505631501015,-3.974361917539556,0.9097594299083338,-0.019239126183183866,0.6401091802158954,1000.9765624999999,4.581321824975582
aluminum,0.00025701402806530265,0.8054620762187729,3.782812384635106,-3.974361917539556,0.8054621172239368,-0.2310800700754845,1.1846096683153187,1000.9765624999999,4.6902024696281615
aluminum,-0.0003417467441776613,0.7683986387244528,3.4979832046654633,-3.563212060004067,0.7683987147207038,-0.30026856480243497,0.7717355216055783,1000.9765624999999,4.748818344752524
aluminum,-0.0002117195589477352,0.8302913813477194,3.4762313298050977,-2.8391198080731517,0.830291408341358,-0.14350670962005052,0.11211254131200654,1000.9765624999999,4.120311353143451
aluminum,0.00017111532658811842,0.8695844117765676,3.9433629792584166,-3.059849003754411,0.8695844286124575,0.08586115904480245,0.4193462163270065,1000.9765624999999,4.335654611260196
aluminum,-1.942615998437125e-05,0.8778483051536642,3.9433629792584166,-3.059849003754411,0.8778483053686077,0.016537191979509654,0.568825854380024,1000.9765624999999,4.49008236425769
aluminum,0.00018128614578905857,0.7978958691853469,3.2534004391272213,-3.368340186845517,0.7978958897799303,-0.19450356266853258,0.7326310070214062,1000.9765624999999,4.618215866862377
aluminum,-6.050866400509127e-05,0.7635153111117489,3.219892317148936,-3.368340186845517,0.7635153135094078,-0.2809053391559485,0.4912860307010347,1000.9765624999999,4.626150829404029
aluminum,-0.00013301577504627854,0.8024654746613742,2.9011864431241574,-2.7036205161330527,0.8024654856856468,-0.12992092841364355,0.07840526661891456,1000.9765624999999,4.334485606742266
aluminum,1.375500647528911e-05,0.8570899952361419,3.6331936050890885,-3.1977344223201674,0.8570899953465155,0.049183434940156534,0.4141118133973509,1000.9765624999999,4.5037612975454095
aluminum,-4.306462848384527e-05,0.8955692228411601,3.6331936050890885,-3.1977344223201674,0.8955692238765698,-0.04449280411365458,0.4396689586810827,1000.9765624999999,4.376187140352626
aluminum,0.00028975913682045807,0.8299347141975635,3.597548282054684,-4.0869623512576885,0.8299347647800692,-0.1911338453578098,0.8537689253988705,1000.9765624999999,4.535379664466255
aluminum,-5.607500839222439e-05,0.7653406630598646,3.597548282054684,-4.0869623512576885,0.7653406651141176,-0.27955851184408054,0.7970651177570685,1000.9765624999999,4.66150725699009
aluminum,-0.00025541263156350294,0.8488232345551754,3.924188225232504,-2.8965573003278697,0.8488232729822638,-0.14636723154238113,0.1915329049172536,1000.9765624999999,4.166254385706015
aluminum,-1.9450051079080664e-05,0.9429106726733959,4.120166452446224,-3.822386187893766,0.9429106728740004,0.05302469054100794,0.5953998261660716,1000.9765624999999,4.336081096848416
aluminum,0.00011417552972910743,0.919399834847714,4.120166452446224,-3.822386187893766,0.9193998419371495,-0.01828443535825755,0.7590470212599798,1000.9765624999999,4.4791908527153295
aluminum,0.000415184218877102,0.821345272326837,3.2916628297160275,-4.129284037994573,0.8213453772631715,-0.251494330751756,0.8620986493446647,1000.9765624999999,4.482948407836379
aluminum,-0.00019164486130707515,0.7742586439234387,3.2916628297160275,-4.129284037994573,0.7742586676414511,-0.25375772610107344,0.8718094686408033,1000.9765624999999,4.679998483550713
aluminum,-0.00044406402752270073,0.8510461313355518,3.8210803869059897,-3.054308431795801,0.8510462471887588,-0.12334209439811884,0.26476974990581237,1000.9765624999999,4.217986256939216
aluminum,4.375325426599712e-05,0.9592278735385977,4.0228636817150765,-3.0675669024958463,0.959227874536456,0.01822880544805385,0.24509249463230542,1000.9765624999999,4.272511921460762
aluminum,7.831327782753235e-05,0.9656999770623449,4.0228636817150765,-3.1435714321426125,0.965699980237746,-0.02548916172064051,0.30189678738683057,1000.9765624999999,4.356103212813885
aluminum,0.00031076044045980555,0.8186815452811843,3.54310782216716,-3.5439853245266697,0.8186816042614119,-0.17285503225918905,0.8070437853803982,1000.9765624999999,4.432622737185168
aluminum,-4.819696925932355e-05,0.7549652732466455,2.7534379680419256,-3.5439853245266697,0.7549652747850923,-0.2898729656807504,0.6966058363243333,1000.9765624999999,4.740434127179526
aluminum,-0.00029806828339295794,0.8245263184212852,3.252318731658066,-3.087433814196352,0.8245263722974906,-0.1893876670240245,0.21553490341142023,1000.9765624999999,4.287067058746949
aluminum,-1.8537604144576391e-06,0.9135325984374111,4.031860138528088,-2.962739961031755,0.913532598439292,0.05329330826078416,0.4499043236226372,1000.9765624999999,4.351192078865073
aluminum,1.5170035741163534e-05,0.9395427254575683,4.031860138528088,-3.6456292967079227,0.9395427255800375,-0.010170479907509229,0.5552717360632222,1000.9765624999999,4.488607563903571
aluminum,0.0002880396553822503,0.8343494398383419,3.7663300328996288,-3.6456292967079227,0.8343494895578218,-0.1902144646035414,0.7685645240923176,1000.9765624999999,4.547591335095476
aluminum,2.2396915434793386e-05,0.8032547205280448,3.3692185635269962,-3.4643578557405754,0.803254720840288,-0.24356970044958326,0.6185878316869826,1000.9765624999999,4.576449439614879
aluminum,-0.00034079663207741925,0.866906169416609,3.505389354977502,-3.143819691766958,0.8669062364032933,-0.21693348580532135,0.19912220370940714,1000.9765624999999,4.1110618875833715
aluminum,-1.0441870300432665e-05,0.9330570201488047,4.251597467257996,-3.331238129497534,0.9330570202072322,0.025206684695191172,0.4760303172657343,1000.9765624999999,4.290048694339663
aluminum,0.00016382310919135605,0.9158364068347843,4.251597467257996,-3.5901279468600946,0.9158364214869703,0.026687738473284286,0.846610669134706,1000.9765624999999,4.634259757162333
aluminum,0.00032732602330338035,0.8310921427314479,3.8467899264493117,-3.5901279468600946,0.831092207190198,-0.21854686256019065,0.9651739221425704,1000.9765624999999,4.6410263210937455
aluminum,-0.00016765992750364394,0.7979177494180578,3.2153939151343294,-3.5692552294860245,0.797917767032562,-0.26725403871766473,0.5921326157168099,1000.9765624999999,4.672958536884671
aluminum,-0.00035561184277220134,0.8374721774522806,3.278393922541916,-3.0778776316680245,0.8374722529531632,-0.15027319427707136,0.12346929561138076,1000.9765624999999,4.174661285678395
aluminum,7.053626188148634e-05,0.928564966493658,4.029926249626022,-3.3944513516446975,0.9285649691727189,0.05838860114583019,0.40490435774418154,1000.9765624999999,4.330488914242489
aluminum,0.00011486939476645209,0.93423474744069,4.029926249626022,-3.5841929700465607,0.9342347545026077,0.019559217224885437,0.5457194395223666,1000.9765624999999,4.447046999168807
aluminum,0.0002628947617128208,0.8101496078309073,3.526237524737905,-3.5841929700465607,0.8101496504857781,-0.14942178642569243,0.8215520494114119,1000.9765624999999,4.542003843197654
aluminum,-8.215676993808154e-05,0.7479134735210661,3.0300233791629587,-3.037368325750976,0.7479134780334429,-0.2353970132519542,0.6632294440868396,1000.9765624999999,4.637090476850141
aluminum,-0.00027108050711983526,0.8185284746376312,3.6172026795390484,-2.668442904932862,0.8185285195258921,-0.11650111767970679,0.25362333027784434,1000.9765624999999,4.42403029777185
aluminum,-1.0418880790062968e-05,0.8838509403333972,4.4629585740221165,-3.486581951699946,0.8838509403948064,0.06910753983863323,0.5319069009628343,1000.9765624999999,4.3709377857950376
aluminum,2.061629174705626e-06,0.8908868001273944,4.4629585740221165,-3.5653170366778975,0.8908868001297799,-0.04138697970979591,0.634256810114918,1000.9765624999999,4.442006968231965
aluminum,0.00020897546649694068,0.8295829677687375,3.478254394582479,-3.5653170366778975,0.8295829940896401,-0.18769795943365433,0.8212110363590557,1000.9765624999999,4.569239648660542
aluminum,3.6285055518077415e-05,0.7803636906434309,3.478254394582479,-3.5131127801979214,0.7803636914870153,-0.24047756158462286,0.666010669253398,1000.9765624999999,4.5617352875822705
aluminum,-0.00023448911828578253,0.857339200226616,3.971599808096392,-2.9813452690205726,0.8573392322939388,-0.12911801868664088,0.26937083740621803,1000.9765624999999,4.24158567301407
aluminum,-0.00013545656252272211,0.9333801546223658,4.1157663523807475,-3.277659486639407,0.9333801644514158,0.051562439006804045,0.5511264196769581,1000.9765624999999,4.389709564746351
aluminum,0.00017456582859502393,0.907326917248599,4.1157663523807475,-3.442163605448313,0.9073269340414593,-0.022271304167769585,0.8813825183362729,1000.9765624999999,4.472598323761078
aluminum,0.00047356529135752574,0.8255378887799308,3.6104076200126314,-3.5090015236020857,0.8255380246089884,-0.19867629760910693,1.0797291165446872,1000.9765624999999,4.667092867643998
aluminum,-0.00023829466138535168,0.7961876711772644,3.3627603881187804,-3.5090015236020857,0.7961877068374148,-0.2119475478932039,0.6290952066820039,1000.9765624999999,4.610625502051446
aluminum,-0.00034118766983913176,0.867732323213738,3.55372932277289,-3.022222901186815,0.8677323902903112,-0.11014295070304894,0.20781073768341063,1000.9765624999999,4.213369166762751
aluminum,0.00011571901754812996,0.9496718745428303,4.0584394086192574,-2.9706552454820025,0.9496718815931027,0.056040970712023214,0.2974594368181602,1000.9765624999999,4.354062863324563
aluminum,4.849802686792435e-05,0.9035607060762878,4.0584394086192574,-2.9706552454820025,0.9035607073778376,0.03136388621220447,0.4621697359351624,1000.9765624999999,4.432246463082484
aluminum,0.0002526343739256678,0.7643130332136308,3.140950738947114,-2.867884378531177,0.7643130749662389,-0.1887560727861485,0.6785898385342866,1000.9765624999999,4.610161838006187
aluminum,-0.0001730853224088933,0.789430040619003,3.053225155891929,-3.073657657223878,0.7894300595937866,-0.2541342794741517,0.5532078666943683,1000.9765624999999,4.708269866055588
aluminum,-0.0003723092787873961,0.8790171985997275,3.2319477801199192,-3.073657657223878,0.8790172774458486,-0.17119634678358667,0.015868480332462465,1000.9765624999999,4.2392692554001945
aluminum,0.00015708763821145936,0.934229507208247,4.7652692555356095,-3.0087004163232307,0.9342295204151333,0.04377567530513092,0.3085982919130119,1000.9765624999999,4.2441223141827935
aluminum,0.00011796216845429121,0.9526678240116608,4.7652692555356095,-3.515339890121169,0.9526678313148744,-0.006995870666732255,0.4092732440087512,1000.9765624999999,4.46702807062888
aluminum,0.0001166887196582894,0.8448037444146469,3.506771273321887,-3.515339890121169,0.8448037524734756,-0.1781555780679056,0.5869174474076897,1000.9765624999999,4.361535920702675
aluminum,-6.7202140224268e-05,0.7947561173238034,2.9997953846275394,-3.500548935728812,0.7947561201650069,-0.26111756295792377,0.5156782601664611,1000.9765624999999,4.58834164643281
aluminum,-0.00022810747308340238,0.8560542257345063,3.823211091870335,-3.4688809746602574,0.8560542561256993,-0.2233267108118678,0.17153627771770763,1000.9765624999999,4.210270701692602
aluminum,4.751069842335189e-05,0.9574916783281706,4.460966344516571,-3.1767938702655996,0.95749167950691,0.07398630711088357,0.49890509178610243,1000.9765624999999,4.259339079603395
aluminum,0.00023915987207265844,0.9796036142328743,4.460966344516571,-4.122090104359367,0.9796036434270519,0.03675814021558299,0.6384451189526086,1000.9765624999999,4.369053515673223
brass,0.000483965496332718,0.7478019829347937,3.131328384568949,-3.1908423407816238,0.747802139542146,-0.013079431161951373,0.6702459271045242,9338.378906249998,4.231844749119857
brass,6.761772374126429e-05,0.6718223287119311,2.370960288177636,-3.018330893025842,0.671822332114733,-0.18986814698839338,0.9197187910149411,9338.378906249998,4.54096698608352
brass,-0.00011043653531394042,0.6885730346601928,2.2772130077575383,-2.833801417278548,0.6885730435163545,-0.16340621986470158,0.5862385400462435,9326.171874999998,4.363123945389923
brass,-4.0311680478775515e-05,0.754820266450193,2.7243954031257984,-3.0182022857159287,0.754820267526629,-0.05633630595759431,0.39002117809927705,9338.378906249998,4.140607242344116
brass,3.1647088099239726e-05,0.7929737071075581,3.3030034006673903,-3.0182022857159287,0.7929737077390658,0.042329710790415184,0.4189236617314367,19335.937499999996,4.14583443662401
brass,7.200750052199308e-05,0.7676721932639105,3.3030034006673903,-2.9313366632022517,0.7676721966410551,-0.02659368316607401,0.4945804722061058,9338.378906249998,4.221365664993711
brass,5.6020961725298515e-05,0.6959926048595338,2.824178368780503,-2.866940130159865,0.6959926071141183,-0.18590069290684835,0.7963101042767038,19335.937499999996,4.38296501715046
brass,-2.9337767345820075e-05,0.6939857067010271,2.580041700054462,-3.1487727285721907,0.693985707321144,-0.22932648723307617,0.6237505822893654,9326.171874999998,4.263232910833264
brass,-0.00013179591324331835,0.7757231839331751,3.156972994747204,-3.1487727285721907,0.775723195129284,-0.0757910703090281,0.48557205992818275,9338.378906249998,4.102876453210084
brass,-1.5106038246799303e-05,0.7998837537358805,3.156972994747204,-3.1472848130230733,0.7998837538785214,0.05721042548648269,0.42788182468919667,9338.378906249998,4.11824056389417
brass,0.00020473392832628248,0.7690076480077513,2.908862029949431,-2.969259203957523,0.7690076752610437,-0.03587850361856872,0.4203621304121219,9338.378906249998,4.226358447500765
brass,4.490148634612099e-05,0.6751763887126343,2.4023564259272563,-2.969259203957523,0.6751763902056838,-0.1809966364398088,0.9843900175021862,9326.171874999998,4.482193804118349
brass,-6.120252301245621e-05,0.6880967765340978,2.4442885147705273,-3.2449771973635144,0.6880967792559162,-0.21765607049516145,0.8621009425637731,9338.378906249998,4.369621739004296
brass,-7.065855441771437e-05,0.80406944292539,3.3154042490686666,-3.2449771973635144,0.804069446029992,-0.0903387375022524,0.47149538106316635,9338.378906249998,4.045516982345171
brass,-0.0001409259984787253,0.8115969486783279,3.3154042490686666,-3.103692664967579,0.8115969609135494,0.022942954238670835,0.5012683867924963,19335.937499999996,4.107353346373678
brass,3.511999413546776e-05,0.7364486589169473,2.99699259235708,-3.094530020671833,0.736448659754354,-0.08178089332078887,0.757234781897794,9338.378906249998,4.178581676899944
brass,0.00014596701462709665,0.6630706032708584,2.8202882373399683,-3.094530020671833,0.6630706193372992,-0.25123981175828797,1.1323299036223533,9326.171874999998,4.586385787374045
brass,-2.669465300145937e-05,0.703500100536916,2.3882313008892195,-2.9795008030123817,0.7035001010433868,-0.21066202974092235,0.6086244575801221,9338.378906249998,4.300875880732905
brass,-5.606242522469389e-05,0.7947799903410706,3.002569974274948,-3.777554659467089,0.7947799923183445,-0.07694442358512482,0.4259377084213023,9338.378906249998,4.023944531850812
brass,-7.9170541111655e-06,0.8233011500085957,3.058761707161272,-3.777554659467089,0.8233011500466618,-0.0010128619854320301,0.40670083778810673,9338.378906249998,4.160165452458569
brass,-4.3096088205172525e-05,0.7710545644162856,3.058761707161272,-2.849451596986335,0.7710545656206574,-0.06337557889520051,0.45063451254294673,9338.378906249998,4.082679040883156
brass,4.877088302552113e-05,0.7042820393793217,2.463348217505879,-2.849451596986335,0.704282041067991,-0.1883107438216151,0.93002392863306,9338.378906249998,4.518257788007782
brass,3.206816964796711e-05,0.7195616275661397,2.427011159114606,-2.9689713774366298,0.7195616282807189,-0.197991968806543,0.6722298289504507,19335.937499999996,4.10984440937372
brass,-3.188100883210556e-05,0.7812065632601712,2.9752708187005963,-2.9689713774366298,0.7812065639107026,-0.06718676309803163,0.35432612523585316,9338.378906249998,4.092973392996318
brass,3.336300290039438e-05,0.8130454073499311,2.9752708187005963,-2.8922907693310473,0.81304540803445,-0.009481368437491838,0.3842043248753808,19335.937499999996,4.188098376322288
brass,0.0001048179328036374,0.7682080895795939,2.94636554099235,-2.8922907693310473,0.7682080967305203,-0.06923502372084989,0.46592757898554815,9338.378906249998,4.1641127401609825
brass,1.585839972401677e-05,0.6594011428306091,2.5901191269024615,-2.805778521793705,0.6594011430213039,-0.15188439706513648,0.919960678136853,19335.937499999996,4.54517726052994
brass,-9.390410054032025e-05,0.6564736457922774,2.2543934980363836,-2.728178274710073,0.6564736525084496,-0.18219133033278956,0.8265528450238167,9326.171874999998,4.379678526405392
brass,-3.117193235762026e-05,0.7543689464680096,2.930987456787938,-3.10710710215304,0.7543689471120509,-0.08758588590177346,0.39195681657289905,9338.378906249998,4.028442095756937
brass,-4.512188997430324e-05,0.797728518767149,2.930987456787938,-3.358582236742597,0.7977285200432629,-0.012492582975551574,0.3267672861142188,9338.378906249998,4.067066824581756
brass,1.5528188428312027e-05,0.7612921177341759,2.913588706931963,-3.358582236742597,0.7612921178925414,-0.04217355774576701,0.4317662089823058,9338.378906249998,4.14327889841935
brass,6.446039032689521e-05,0.6684204775549494,2.570710717029685,-2.7522614433093295,0.6684204806631291,-0.18006296099204644,0.8961581694389418,9338.378906249998,4.411360852012508
brass,-5.1172416238133523e-05,0.6629377803584603,2.225435518286169,-2.7522614433093295,0.6629377823334693,-0.20225141975167066,0.6416037274629742,9326.171874999998,4.423775862793431
brass,-6.776558420753543e-05,0.7632528278052985,2.8904009080108697,-2.8438086118056316,0.7632528308135903,-0.04152427424207003,0.4365115631542644,9338.378906249998,4.151491647792373
brass,1.0540049488187652e-05,0.8105076810227463,3.0182974020286246,-2.8461302642891972,0.8105076810912791,0.02293243085431733,0.4143053533082206,19335.937499999996,4.112087506804002
brass,0.00010866178515123553,0.758962938365563,3.0182974020286246,-2.8461302642891972,0.7589629461441928,-0.015670138274607826,0.46880125334449163,9338.378906249998,4.104544059596842
brass,6.695631282474266e-05,0.6566975191859759,2.439334380508073,-2.801787089307643,0.6566975225993799,-0.17645270149824985,0.9646397198577774,19335.937499999996,4.448221825907636
brass,-7.146189813229469e-05,0.678627391235894,2.38435532157452,-2.911952703960242,0.678627394998491,-0.24897307382202838,0.7828896371018859,9326.171874999998,4.299638016789794
brass,-0.00013890423135785247,0.7606060106312067,3.1043023179703852,-3.1162379373033122,0.7606060233147676,-0.06887154737894699,0.4909846125758852,9338.378906249998,4.131463724999094
brass,-1.7187781226447151e-06,0.7826922235002594,3.1043023179703852,-3.1162379373033122,0.7826922235021466,0.010760441832818782,0.4429371145802681,19335.937499999996,4.113545270388233
brass,0.00019214931908378776,0.7540466407024421,2.8359637681450507,-2.838226827097104,0.7540466651845884,-0.09659540074810266,0.4921705806720795,9338.378906249998,4.165736105944561
brass,6.245737440780982e-05,0.6560320620029723,2.8359637681450507,-2.6585166320616365,0.6560320649760919,-0.16576520737170716,1.085249664379754,9326.171874999998,4.583987499431408
brass,-4.018436825133287e-05,0.6728616103309552,2.3961774015867814,-2.826322676664333,0.6728616115308925,-0.20069480230087958,0.8603349599368713,9338.378906249998,4.371314847800279
brass,-5.544811675457448e-05,0.7907566790553993,3.062677854732246,-3.436334639653652,0.7907566809994193,-0.12862887019685038,0.4945382473658171,9338.378906249998,4.004820265916967
brass,-0.00015439500166702436,0.7974497741449801,3.062677854732246,-3.436334639653652,0.7974497890912609,0.0051119409038638715,0.44658095658856034,19335.937499999996,4.086997079632769
brass,1.2026841700080038e-05,0.743036510020713,3.3168435826608387,-2.9499139039953337,0.7430365101180466,-0.027213934890830935,0.5774116594054841,9338.378906249998,4.153997792151649
brass,0.00013867297471598835,0.6929949882060132,3.3168435826608387,-2.9499139039953337,0.6929950020807122,-0.1474680419406739,0.9724381744565194,9326.171874999998,4.620904080529542
brass,-3.9936041416918044e-05,0.6965035007551104,2.4739518288541875,-2.7823857073543694,0.6965035019000345,-0.16891731169770424,0.573800484364277,9338.378906249998,4.338895526978807
brass,-2.623262968883042e-05,0.7845274605829026,3.0990957490227267,-3.142562128780376,0.7845274610214793,-0.06581494402044538,0.4308268174785166,9338.378906249998,4.139928045086353
brass,1.5384953405184642e-06,0.8189266864228856,3.0990957490227267,-3.142562128780376,0.8189266864243308,0.01600468189937666,0.438737163076067,9338.378906249998,4.100456493816141
brass,-8.382901355333704e-06,0.7366978157851636,3.059465655489213,-2.7955478492819514,0.7366978158328582,-0.06448966863541038,0.6688326044769659,9338.378906249998,4.202324589080192
brass,4.785897020878924e-05,0.6492051207459237,2.5295164774239605,-2.7955478492819514,0.6492051225099896,-0.21604363827684467,1.0969684769677883,9338.378906249998,4.673527041645705
brass,6.940446491138064e-06,0.6941394855103634,2.5544190060756446,-2.906629700536596,0.6941394855450608,-0.20732203962320636,0.8147810675846836,19335.937499999996,4.209378479816387
brass,-4.0959155496563236e-05,0.7774587745112966,3.0239333654316254,-2.952902320356747,0.77745877559023,-0.07038570745120235,0.38159728918739333,9338.378906249998,4.054688246814842
brass,7.415223074279753e-06,0.8004010719717307,3.087113119322716,-2.952902320356747,0.8004010720060795,0.012485530597395716,0.4146556224220044,19335.937499999996,4.313566290494461
brass,0.00011166416431952704,0.7648457224908719,3.087113119322716,-2.879787797970796,0.7648457306421141,-0.041073795030353175,0.5028311963721017,9338.378906249998,4.17895948108204
brass,-4.435043936508221e-06,0.6823527974233597,2.458129906139522,-2.703762783069739,0.6823527974377729,-0.13400695178995287,0.8471753800436406,9338.378906249998,4.528582005756456
brass,-8.942542814465972e-05,0.6599026555916127,2.458129906139522,-2.6130284957622285,0.6599026616507693,-0.21045428352732962,0.8527827781199786,19335.937499999996,4.323518438205453
brass,-6.11143805019827e-06,0.7488905449227086,2.899270820855728,-2.9936700218283896,0.7488905449476452,-0.07472145630894492,0.39984121703325837,19335.937499999996,4.050303594668508
brass,-2.4645811521566552e-05,0.8055384430104021,3.2832838784925404,-3.3190761409864424,0.8055384433874271,0.03738472259917525,0.4689668274763563,19335.937499999996,4.074000159455662
brass,4.3213347445084227e-05,0.7565153609348689,3.2832838784925404,-3.3190761409864424,0.7565153621690762,-0.025586890469841545,0.7557412704661863,19335.937499999996,4.242482614198558
brass,6.842195089378762e-05,0.6627694523444241,2.323971058477257,-2.962788123651576,0.662769455876243,-0.1607909992952756,0.9294778639435797,9338.378906249998,4.5139949171459
brass,-0.00010232633623167566,0.6601377535787287,2.2298993331172645,-2.962788123651576,0.660137761509406,-0.17054913274739825,0.5884421697660018,19335.937499999996,4.309128597312595
brass,-8.056316640575754e-05,0.7489115583949572,2.830531870419099,-2.9548142699304933,0.7489115627281949,-0.07077254128419179,0.3775034675894702,9338.378906249998,4.169119156720999
brass,3.132568754996572e-05,0.7924152640650816,2.8996271818199886,-2.9548142699304933,0.7924152646842636,0.015162652467884558,0.36103163634196456,19335.937499999996,4.1251737414134135
brass,7.527394679730173e-05,0.7421917501292816,2.8996271818199886,-3.277164134263721,0.7421917539464671,-0.10393430594681179,0.5792333508791225,9338.378906249998,4.13615388312987
brass,6.511127906318999e-05,0.6693753461648525,2.4737264670810286,-3.277164134263721,0.6693753493315949,-0.24936551746068572,0.9913985749395873,19335.937499999996,4.436136947091957
brass,-2.9038967340585396e-05,0.6740478901687412,2.5292380787896644,-2.864803512970226,0.6740478907942618,-0.2499279084205545,0.7228729984669862,19335.937499999996,4.4048699387688295
brass,-0.00013144095986298283,0.7416226552216693,3.348467273475849,-2.8793679798555263,0.7416226668695914,-0.07716251639313723,0.5553451283592605,9338.378906249998,4.148392976549768
brass,2.6060703976832244e-06,0.7844640625871314,3.348467273475849,-2.9437342234888373,0.7844640625914603,0.010656979969090178,0.36781610148916766,19335.937499999996,4.1280210849890855
brass,0.00018110937928699403,0.7475233085118073,2.7728991573480473,-2.9437342234888373,0.7475233304513283,-0.10141592820894121,0.5185885096540401,9338.378906249998,4.255096916814878
brass,4.492127494997999e-05,0.6584760501961183,2.7240954306265444,-2.846823165581822,0.6584760517283844,-0.16589432258547598,1.131630518337607,9326.171874999998,4.618713678916533
brass,-4.424789778883886e-05,0.6788586447590412,2.463459012713729,-2.8410684152627694,0.6788586462010767,-0.22706284618497158,0.8260467497276798,9338.378906249998,4.432244022784731
brass,-6.199275776924096e-05,0.7698700663612057,3.2707142269457576,-3.008231111821126,0.7698700688571477,-0.1034537666603069,0.6740571566245759,9338.378906249998,4.102243113715031
brass,-0.00011562517916589941,0.779880047241848,3.3109280662139717,-3.008231111821126,0.7798800558131546,0.01624807111397156,0.7487126891475757,19335.937499999996,4.203143850685618
brass,2.4353271185272574e-05,0.7175802282174631,3.3109280662139717,-2.796734107195697,0.7175802286307145,-0.07411305619842577,0.8803059946025571,9338.378906249998,4.2378961951239
brass,0.00011339502717430372,0.6448979318685238,2.8394997093048295,-2.786021543058771,0.6448979418378784,-0.22382405572911432,1.2603370235062021,9326.171874999998,4.600724824554281
brass,-2.1324439373375236e-05,0.6730733308057932,2.524637265283552,-2.872255752653906,0.6730733311435958,-0.25166233732199783,0.7169139583908981,19335.937499999996,4.39146368421462
brass,-3.5896457411813934e-05,0.7760485462499036,3.060584441832328,-2.975841004207229,0.7760485470801066,-0.11447239879930837,0.5060093753618262,9338.378906249998,4.079573401375923
brass,-2.693631462944206e-05,0.8041159575003,3.1018808839960847,-2.975841004207229,0.804115957951457,0.015822263241352694,0.6074241706058978,19335.937499999996,4.1872915337663725
brass,-1.6706981392992848e-05,0.7376349395786431,3.1018808839960847,-2.9047533922024855,0.7376349397678446,-0.031541382837979776,0.7621273936628645,9338.378906249998,4.264253218045359
brass,3.0373046023322227e-05,0.6639316567022701,2.48469134914427,-2.9047533922024855,0.6639316573970115,-0.18291472197822373,1.1127807274972135,9326.171874999998,4.604161701797691
brass,3.5887902267366377e-07,0.6832678047711357,2.5237058515130055,-2.738547608503042,0.68326780477123,-0.1956436049399933,0.8340928981810567,19335.937499999996,4.263069262525182
brass,-3.7131218680554534e-05,0.7698709690230477,2.87929106801289,-2.8573697366747317,0.7698709699184753,-0.04636684112569111,0.4317645114570867,9338.378906249998,4.106682329184107
brass,1.2878207665582097e-05,0.8037162080187218,2.920924286210316,-2.935590544578151,0.8037162081218977,0.017575418315926072,0.45256176056889963,9338.378906249998,4.098299909561051
brass,0.00013357083252361576,0.7635320482812382,2.920924286210316,-2.935590544578151,0.7635320599645509,-0.07969085685444666,0.5000991427489647,9338.378906249998,4.12560824800463
brass,2.9679372722747077e-05,0.6605700953502315,2.4672975833726194,-2.7121004030051545,0.6605700960169777,-0.18684554930542208,0.8934654453397388,9338.378906249998,4.503650909273528
brass,-7.841046944310341e-05,0.658434182422005,2.246234896568378,-2.7565974085581004,0.65843418709081,-0.18683129035699322,0.8253526551078894,19335.937499999996,4.376381075219873
brass,-2.5769895502276818e-05,0.7618465008993249,2.758488577977415,-3.016252632551803,0.7618465013351656,-0.0631800597798389,0.42958645855019784,9338.378906249998,4.076160040286446
brass,-5.1080371757718846e-05,0.7883167305604786,3.023171205748382,-3.016252632551803,0.7883167322153998,0.0370134375652986,0.47923303662317895,19335.937499999996,4.180894429818805
brass,9.161679644387777e-05,0.7378198731699421,3.023171205748382,-2.9179073803834648,0.7378198788580766,-0.03810091748062992,0.6551239046348618,9338.378906249998,4.244633065388469
brass,7.943867864740857e-05,0.6514486728172653,2.328611116308368,-3.0328617459147638,0.6514486776607042,-0.20247287581410248,1.0199912712728825,9338.378906249998,4.573806904826163
brass,-0.00014956617542424643,0.6484443879128843,2.2694763443520163,-3.0328617459147638,0.648444405161889,-0.20904751467072813,0.7007375673892011,9326.171874999998,4.419613991240162
brass,-5.972489956336059e-05,0.7441413798548889,2.8483490846853714,-2.8890204083417164,0.7441413822516536,-0.08433150572296991,0.36329287998396653,9338.378906249998,4.102599858446968
brass,3.198719883911632e-05,0.788318586764543,3.1892548801300813,-2.8890204083417164,0.7883185874135071,0.03707846903290002,0.4505603112986263,19335.937499999996,4.143947143438726
brass,5.173135015079022e-05,0.7375081856470023,3.1892548801300813,-2.854561282071103,0.7375081874613093,3.18349795756869e-05,0.6899379131084644,9338.378906249998,4.24580291869927
brass,5.0867554600764245e-05,0.6656231870947008,2.5041318662127345,-2.7337933021241496,0.6656231890383743,-0.17441904989313442,0.9599233577541306,9338.378906249998,4.423879112888768
brass,-3.65991128860472e-05,0.6621539102825278,2.3426493840250533,-2.8341385009728963,0.6621539112939958,-0.26890685491262806,0.8613058796858115,9326.171874999998,4.455814945166089
brass,-0.00022301508414243357,0.7300312998941599,2.9516793018057843,-2.98412198766014,0.7300313339582656,-0.08381695946061578,0.596239066093831,9338.378906249998,4.207565045118685
